,precision,recall,f1-score,support
NonFacultyPage,0.9739884393063584,0.9546742209631728,0.9642346208869813,353.0
FacultyDirectoryPage,0.9402985074626866,0.9655172413793104,0.952741020793951,261.0
accuracy,0.9592833876221498,0.9592833876221498,0.9592833876221498,0.9592833876221498
macro avg,0.9571434733845225,0.9600957311712416,0.9584878208404661,614.0
weighted avg,0.9596674747930061,0.9592833876221498,0.9593489048865237,614.0
