,precision,recall,f1-score,support
NonFacultyPage,0.9797979797979798,0.97,0.9748743718592964,300.0
FacultyPage,0.9660377358490566,0.9770992366412213,0.9715370018975331,262.0
accuracy,0.9733096085409253,0.9733096085409253,0.9733096085409253,0.9733096085409253
macro avg,0.9729178578235183,0.9735496183206107,0.9732056868784147,562.0
weighted avg,0.9733830618004391,0.9733096085409253,0.9733185161119974,562.0
